{
    "train_acc": [
        0.029369558978283746,
        0.5829905290347269,
        0.6487132880512771,
        0.6646895628049364,
        0.6835358270353009,
        0.6953027838897924,
        0.7033387544245671,
        0.7100353965368794,
        0.71587104180618,
        0.7234286807615039,
        0.7328996460346312,
        0.7357696355113365,
        0.7438056060461111,
        0.7512675786855448,
        0.7544245671099206,
        0.7604515450110017,
        0.7615995408016837,
        0.7627475365923658,
        0.7657131923849613,
        0.767722185018655
    ],
    "val_acc": [
        0.02640642939150402,
        0.5849598163030999,
        0.6509758897818599,
        0.664179104477612,
        0.6871412169919633,
        0.6954649827784156,
        0.702353616532721,
        0.700918484500574,
        0.7052238805970149,
        0.7092422502870264,
        0.7167049368541906,
        0.7224454649827784,
        0.7284730195177956,
        0.7330654420206659,
        0.7356486796785304,
        0.7365097588978186,
        0.7362227324913893,
        0.7365097588978186,
        0.7382319173363949,
        0.7396670493685419
    ],
    "loss": [
        2.162792205810547,
        1.1087548732757568,
        0.7733991146087646,
        0.5477611422538757,
        0.4793211817741394,
        0.3903220295906067,
        0.28373032808303833,
        0.20642322301864624,
        0.17010794579982758,
        0.1627034842967987,
        0.134866401553154,
        0.14385998249053955,
        0.1497170627117157,
        0.20017507672309875,
        0.2057683914899826,
        0.23572954535484314,
        0.2490590661764145,
        0.19531862437725067,
        0.14297430217266083,
        0.09277180582284927
    ]
}