{"train_acc": [0.009375298957237157, 0.6301540227685832, 0.6888931407251506, 0.714723046015498, 0.7218980197072611, 0.7352913039318856, 0.744283937625562, 0.7537549028986894, 0.7649478618578398, 0.7716445039701522, 0.7804458050320482, 0.7870467808284703, 0.7921170955706496, 0.798335406103511, 0.8025447240026786, 0.8070410408495169, 0.8150770113842916, 0.8209126566535923, 0.8193819955993494, 0.8264613029752225], "val_acc": [0.009184845005740528, 0.6371986222732492, 0.6914466130884042, 0.7138346727898967, 0.7210103329506314, 0.7293340987370838, 0.7356486796785304, 0.7411021814006888, 0.7471297359357061, 0.7534443168771527, 0.7580367393800229, 0.7609070034443168, 0.7637772675086107, 0.7669345579793341, 0.7675086107921929, 0.7680826636050516, 0.7675086107921929, 0.7743972445464983, 0.7738231917336394, 0.7758323765786452], "loss": [2.2018189430236816, 0.9734300971031189, 0.6007205247879028, 0.4644930958747864, 0.2358538806438446, 0.0876593068242073, 0.0339987650513649, 0.016165846958756447, 0.008610621094703674, 0.0037454471457749605, 0.002907693851739168, 0.001459962804801762, 0.0007308434578590095, 0.0007431129342876375, 0.000503770774230361, 0.00014876213390380144, 4.160317621426657e-05, 0.0016722993459552526, 3.85038583772257e-05, 0.00013553177996072918]}