{"train_acc": [0.022194585286520616, 0.6328326796135081, 0.6899454701999426, 0.713096718645365, 0.7214196881278102, 0.7350999713001052, 0.7479192576293887, 0.7542332344781403, 0.7634172008035971, 0.7733664976561753, 0.7813068018750597, 0.7836984597723141, 0.7916387639911987, 0.7978570745240601, 0.808189036640199, 0.8123983545393667, 0.8177556682292165, 0.8219649861283842, 0.824547976657419, 0.8336362766669856], "valid_acc": [0.020091848450057407, 0.6403559127439724, 0.6914466130884042, 0.7101033295063146, 0.7230195177956372, 0.7313432835820896, 0.7362227324913893, 0.7416762342135477, 0.7451205510907003, 0.7540183696900115, 0.7583237657864523, 0.7600459242250287, 0.763203214695752, 0.7692307692307693, 0.7726750861079219, 0.7749712973593571, 0.7729621125143513, 0.7764064293915041, 0.7761194029850746, 0.7815729047072331], "loss": [2.196723222732544, 0.9339682459831238, 0.4459334909915924, 0.3525019586086273, 0.24990308284759521, 0.1452554166316986, 0.08372009545564651, 0.03747124224901199, 0.014768324792385101, 0.0065317945554852486, 0.002663637977093458, 0.0010305099422112107, 0.0008818790083751082, 0.0003793711948674172, 0.0003233625029679388, 0.0005972985527478158, 0.0006579380133189261, 0.0010840974282473326, 0.0018734062323346734, 0.0003816353273577988]}