{"train_acc": [0.9108714788732394, 0.9346590909090909, 0.9465829065300896, 0.9557258322663252, 0.9611275608194623, 0.9660491357234315, 0.9700904289372599, 0.9731914212548015, 0.9756322023047375, 0.9779529449423816, 0.980253681177977, 0.9821342829705506, 0.9837548015364916, 0.9852552816901409, 0.9865757042253521, 0.9879161331626121, 0.9889964788732394, 0.9898767605633803, 0.9909571062740077, 0.9916773367477593], "val_acc": [0.9193709935897436, 0.938301282051282, 0.9509214743589743, 0.9557291666666666, 0.9584334935897436, 0.9615384615384616, 0.9639423076923077, 0.9658453525641025, 0.9680488782051282, 0.96875, 0.9692508012820513, 0.9693509615384616, 0.9703525641025641, 0.9708533653846154, 0.9712540064102564, 0.9721554487179487, 0.9723557692307693, 0.9724559294871795, 0.9728565705128205, 0.9730568910256411], "loss": [0.30182852987176173, 0.22458446098350837, 0.1813449643900506, 0.15257074503841, 0.1320761777412876, 0.11622428880568007, 0.10350096340096829, 0.09312425572639772, 0.08440258308097949, 0.07677163151492307, 0.06996927185642333, 0.06405897180683358, 0.05877111954900714, 0.05397336543644999, 0.04966003290483687, 0.045879135534665744, 0.04249267754706622, 0.03934835807137697, 0.03644071292387329, 0.033945773835812675], "time": [10.317265272140503, 8.90722107887268, 8.924949169158936, 12.170608043670654, 9.791306018829346, 10.763328075408936, 12.17491602897644, 11.452262878417969, 11.167725086212158, 10.970752000808716, 11.14338994026184, 12.087014198303223, 10.960687160491943, 9.87537407875061, 9.212713956832886, 9.815939903259277, 9.708356857299805, 10.187035083770752, 9.887791872024536, 8.778301000595093]}