{
    "train_acc": [
        0.04121318822023047,
        0.9276968629961587,
        0.9505241677336748,
        0.962067861715749,
        0.9694302176696543,
        0.9745518565941101,
        0.9785531370038413,
        0.9815741037131882,
        0.9839948783610756,
        0.9865156850192062,
        0.9884563060179258,
        0.9899567861715749,
        0.991457266325224,
        0.992157490396927,
        0.993257842509603,
        0.9941381241997439,
        0.9952784891165173,
        0.9960787451984635,
        0.9965989116517285,
        0.9973591549295775
    ],
    "val_acc": [
        0.040865384615384616,
        0.9339943910256411,
        0.9518229166666666,
        0.9587339743589743,
        0.9629407051282052,
        0.9662459935897436,
        0.9670472756410257,
        0.9684495192307693,
        0.9696514423076923,
        0.9709535256410257,
        0.9713541666666666,
        0.9710536858974359,
        0.971854967948718,
        0.9729567307692307,
        0.9737580128205128,
        0.9735576923076923,
        0.9741586538461539,
        0.9741586538461539,
        0.9743589743589743,
        0.9744591346153846
    ],
    "loss": [
        0.40809795128780196,
        0.19445287753445087,
        0.14409823915307027,
        0.11505646543474761,
        0.09480843501983546,
        0.07964320799094958,
        0.06765304114753035,
        0.05766694031735684,
        0.04928210336791301,
        0.04218060874246614,
        0.03626589715378252,
        0.031190302922055317,
        0.026931605482457276,
        0.023294239923555914,
        0.020155664868760144,
        0.017501279728268912,
        0.015209179579905769,
        0.013277586863513931,
        0.011591718473192066,
        0.010150632194415386
    ],
    "time": [
        4.844196081161499,
        5.401748895645142,
        5.267537832260132,
        3.946013927459717,
        3.406973123550415,
        3.0846009254455566,
        3.002977132797241,
        3.3903799057006836,
        3.618021011352539,
        3.9454452991485596,
        3.3957180976867676,
        3.4159905910491943,
        3.3501739501953125,
        3.611815929412842,
        4.4780919551849365,
        3.5383729934692383,
        3.833594799041748,
        4.106947183609009,
        3.71433687210083,
        3.9849469661712646
    ]
}