{"train_acc": [0.9325184058898848], "val_acc": [0.9322916666666666], "loss": [0.2155264062990605], "time": [1719.2655379772186]}