{"train_acc": [0.9325184058898848, 0.9509042893725992, 0.9602672855313701, 0.96636923815621, 0.9706306017925737, 0.9739116517285531, 0.9769326184379001, 0.9790132842509603, 0.9810539372599232, 0.9833546734955185], "val_acc": [0.9322916666666666, 0.9475160256410257, 0.9540264423076923, 0.9563301282051282, 0.9588341346153846, 0.9611378205128205, 0.9622395833333334, 0.9639423076923077, 0.9652443910256411, 0.9660456730769231], "loss": [0.2155264062990605, 0.15463510314038406, 0.12652605404617043, 0.1084796183476661, 0.09530949299480103, 0.08476794754881198, 0.07604537026839815, 0.06875132914291511, 0.062424031820830325, 0.0566460375272205], "time": [1441.6377537250519, 1461.8588507175446, 1464.641459941864, 1472.6038570404053, 1504.0532729625702, 1559.302861213684, 1559.9557869434357, 1542.484052181244, 1497.3191311359406, 1543.1458649635315]}