{
    "train_loss": [
        93.74258832370533,
        30.775643403572804,
        21.184615358977062,
        16.32262462148886,
        13.284166598602024,
        11.189093274228712,
        9.630057379412834,
        8.411677257446073,
        7.441335273863714,
        6.651170796809999,
        5.97391257169978,
        5.401081878762522,
        4.90082820118917,
        4.468525193648322,
        4.086366906924092,
        3.7519988489034763,
        3.4529076417993823,
        3.1886146631796874,
        2.951804389851229,
        2.7403945608601092
    ],
    "train_acc": [
        0.07734,
        0.77578,
        0.81884,
        0.83774,
        0.84926,
        0.85424,
        0.85746,
        0.86082,
        0.85898,
        0.86144,
        0.86856,
        0.86944,
        0.86888,
        0.86884,
        0.87302,
        0.87672,
        0.87696,
        0.87442,
        0.87544,
        0.87402
    ],
    "valid_acc": [
        0.0743,
        0.7936,
        0.83,
        0.8449,
        0.8554,
        0.8603,
        0.8605,
        0.8634,
        0.8637,
        0.8644,
        0.8699,
        0.8706,
        0.8698,
        0.8674,
        0.8716,
        0.8726,
        0.8736,
        0.8701,
        0.8713,
        0.8701
    ]
}