{"train_loss": [0.38959701840415634, 0.2691815944526659, 0.2032700559443525, 0.16017279975459248, 0.12963657552266822, 0.10765060253055467, 0.09160161141396674, 0.07859680493650457, 0.0684787118027363, 0.0604861276402898, 0.05404171678047065, 0.048767604043974025, 0.04433844048295246, 0.04066238737599019, 0.03710307211995058, 0.03363274086324517, 0.030557138470919742, 0.028045030553405986, 0.02543069314456645, 0.022625126268106092], "train_acc": [0.88548, 0.92074, 0.9405, 0.95328, 0.96202, 0.96868, 0.97414, 0.9781, 0.9809, 0.98336, 0.98526, 0.9866, 0.98784, 0.98884, 0.98978, 0.99102, 0.99184, 0.9926, 0.99336, 0.99426], "valid_acc": [0.8968, 0.9306, 0.9476, 0.9564, 0.9624, 0.967, 0.9697, 0.972, 0.9732, 0.9735, 0.9746, 0.9756, 0.9757, 0.9764, 0.977, 0.9779, 0.9783, 0.9784, 0.9785, 0.9786]}