{"train_loss": [0.04439368098974228, 0.018753714859485626, 0.010842584073543549, 0.007904251106083393, 0.0064789303578436375, 0.004735229071229696, 0.0020107736345380545, 0.0014427356654778123, 0.001294943387620151, 0.0014996122336015105], "train_acc": [0.97492, 0.98558, 0.98846, 0.99052, 0.99202, 0.99262, 0.99378, 0.9944, 0.9951, 0.9956], "valid_acc": [0.9743, 0.9837, 0.9852, 0.9861, 0.9869, 0.988, 0.9882, 0.9881, 0.9879, 0.9875]}