{"train_loss": [2.241750808628014, 2.0254113779348484, 1.6026992689618065, 1.0576828225799229, 0.6564302532111898, 0.4521817601550266, 0.3471495214744907, 0.2865511529871722, 0.24753419171704355, 0.2201183522525041], "train_acc": [0.09012, 0.47446, 0.61056, 0.74462, 0.8474, 0.89316, 0.91308, 0.92494, 0.93316, 0.93936], "valid_acc": [0.0915, 0.4783, 0.6236, 0.7615, 0.8646, 0.9096, 0.924, 0.9344, 0.9401, 0.9466]}