{"train_loss": [0.1814373880624771, 0.06261134892702103, 0.04380480945110321, 0.034915149211883545, 0.02868475392460823, 0.023753784596920013, 0.01888030208647251, 0.01647750660777092, 0.013505859300494194, 0.011008269153535366], "train_acc": [0.9473599791526794, 0.9809799790382385, 0.9870399832725525, 0.989359974861145, 0.9912999868392944, 0.9927200078964233, 0.9942799806594849, 0.9948999881744385, 0.9957000017166138, 0.9968400001525879], "valid_acc": [0.9322999715805054, 0.9763000011444092, 0.9822999835014343, 0.9768000245094299, 0.9876000285148621, 0.9876999855041504, 0.98580002784729, 0.9868999719619751, 0.9882000088691711, 0.9886000156402588]}