{"train_loss": [0.4438776969909668, 0.21511238813400269, 0.16063138842582703, 0.12675002217292786, 0.10378901660442352, 0.0882849395275116, 0.07481855899095535, 0.06481076776981354, 0.05700037255883217, 0.05019668862223625, 0.04374141991138458, 0.03860265761613846, 0.0334741584956646, 0.03005296178162098, 0.02625078521668911, 0.023167651146650314, 0.020258024334907532, 0.018094399943947792, 0.0160985067486763, 0.014175603166222572], "train_acc": [0.8778799772262573, 0.938539981842041, 0.9533600211143494, 0.9641600251197815, 0.9700599908828735, 0.9746000170707703, 0.9789000153541565, 0.9819200038909912, 0.9841200113296509, 0.9860399961471558, 0.9882000088691711, 0.9896799921989441, 0.9912599921226501, 0.9922999739646912, 0.993399977684021, 0.9946600198745728, 0.9960200190544128, 0.9965800046920776, 0.9968799948692322, 0.9977800250053406], "valid_acc": [0.8986999988555908, 0.9337999820709229, 0.9617999792098999, 0.9397000074386597, 0.9656999707221985, 0.9693999886512756, 0.9700999855995178, 0.9686999917030334, 0.9726999998092651, 0.9749000072479248, 0.975600004196167, 0.9758999943733215, 0.9761999845504761, 0.9769999980926514, 0.9768999814987183, 0.9776999950408936, 0.9771999716758728, 0.978600025177002, 0.9750999808311462, 0.9781000018119812]}