{"train_loss": [0.19160285592079163, 0.06244971230626106, 0.044269461184740067, 0.034528229385614395, 0.028868479654192924, 0.023735731840133667, 0.02041642554104328, 0.016230635344982147, 0.013980290852487087, 0.012847232632339], "train_acc": [0.9429600238800049, 0.9805799722671509, 0.9869999885559082, 0.9891600012779236, 0.9912400245666504, 0.9929400086402893, 0.9934200048446655, 0.9953399896621704, 0.9955800175666809, 0.9960799813270569], "valid_acc": [0.9631999731063843, 0.9631999731063843, 0.9857000112533569, 0.9733999967575073, 0.9872000217437744, 0.9408000111579895, 0.9851999878883362, 0.9879000186920166, 0.9882000088691711, 0.9865999817848206]}